<updates>
    <update>
        <name>CCM19 Integration</name>
        <element>PLG_SYSTEM_CCM19INTEGRATION</element>
        <type>plugin</type>
        <folder>system</folder>
        <version>1.0.1</version>
        <downloads>
            <downloadurl type="full" format="zip">https://raw.githubusercontent.com/CCM19/CCM19-Plugin-Joomla/update/update/ccm19integration.zip</downloadurl>
        </downloads>
        <tags>
            <tag>stable</tag>
        </tags>
        <maintainer>Papoo Software &amp; Media GmbH</maintainer>
        <maintainerurl>www.ccm19.de</maintainerurl>
        <targetplatform name="joomla" version="(4\.[01])"/>
        <php_minimum>8.0</php_minimum>
        <supported_databases mysql="5.6.5" mariadb="10.0"/>
    </update>
</updates>