<?xml version="1.0" encoding="utf-8"?>
<extension type="plugin" version="3.8" group="system" method="upgrade">
	<name>PLG_SYSTEM_CCM19INTEGRATION</name>
	<creationDate>13.07.22</creationDate>
	<author>Papoo Software &amp; Media GmbH</author>
	<authorEmail>info@ccm19.de</authorEmail>
	<authorUrl>https://papoo-media.de</authorUrl>
	<copyright>Copyright (C) 2020 Papoo Software &amp; Media GmbH</copyright>
	<license>GNU General Public License version 2 or later; see LICENSE.txt</license>
	<version>1.0.0</version>
	<description>PLG_SYSTEM_CCM19INTEGRATION_XML_DESCRIPTION</description>
	<namespace	path="src">Joomla\Plugin\System\ccm19integration</namespace>
	<!-- Scripts to run on installation -->
	<scriptfile>script.php</scriptfile>

	<!-- Language files -->
	<languages folder="language">
		<language tag="en-GB">en-GB/en-GB.plg_system_ccm19integration.ini</language>
		<language tag="en-GB">en-GB/en-GB.plg_system_ccm19integration.sys.ini</language>
		<language tag="de-DE">de-DE/de-DE.plg_system_ccm19integration.ini</language>
		<language tag="de-DE">de-DE/de-DE.plg_system_ccm19integration.sys.ini</language>
	</languages>

	<!-- Plugin files -->
	<files>
		<filename plugin="ccm19integration">ccm19integration.php</filename>
		<folder>media/js</folder>
		<folder>language</folder>
	</files>

	<media folder ="media" destination="plg_system_ccm19integration">
		<filename>js/insert.js</filename>
		<folder>js</folder>
	</media>
	<!-- Config parameter -->
	<config>
		<fields name="params">
			<fieldset name="basic">
				<field
					name="snippet"
					type="textarea"
					default=""
					label="PLG_SYSTEM_CCM19INTEGRATION_SAMPLE_LABEL"
					filter="raw"
				/>
			</fieldset>
		</fields>
	</config>

	<updateservers>
		<!-- Note: No spaces or linebreaks allowed between the server tags -->
		<server type="extension" name="CCM19 Integration Update Repo">https://raw.githubusercontent.com/CCM19/CCM19-Plugin-Joomla/update/update/extension.xml</server>

	</updateservers>
</extension>
